timestamp,src_ip,dst_ip,src_port,dst_port,txid,input_addresses,output_addresses,input_amounts,output_amounts,geo_country,asn
2025-03-03T14:38:43Z,,,,,,,,,,,
2025-03-11T16:23:16Z,,,,,,,,,,,
2025-03-06T17:25:45Z,,,,,,,,,,,
2025-03-14T12:22:31Z,,,,,,,,,,,
2025-03-08T12:34:50Z,,,,,,,,,,,
2025-03-03T05:35:41Z,,,,,,,,,,,
2025-03-06T19:56:06Z,,,,,,,,,,,
2025-03-09T03:18:47Z,,,,,,,,,,,
2025-03-14T13:58:37Z,,,,,,,,,,,
2025-03-04T03:52:30Z,,,,,,,,,,,
2025-03-07T14:27:33Z,,,,,,,,,,,
2025-03-01T13:53:25Z,,,,,,,,,,,
2025-03-05T05:02:07Z,,,,,,,,,,,
2025-03-08T23:08:23Z,,,,,,,,,,,
2025-03-04T13:15:38Z,,,,,,,,,,,
2025-03-09T01:35:16Z,,,,,,,,,,,
