txId,class
230429513,unknown
230429501,unknown
230425095,unknown
230425100,unknown
230429210,2
230427201,unknown
230427710,unknown
230426859,unknown
230429980,2
230428219,unknown
230427734,unknown
230426356,unknown
230425137,2
230426801,2
230425131,unknown
230427353,unknown
230429375,unknown
230427092,unknown
230428678,2
230427142,unknown
230428985,2
230426222,unknown
230427742,unknown
230428654,unknown
230427172,unknown
230429836,unknown
230429856,unknown
230428655,2
230427182,unknown
230425802,unknown
230429533,2
230426055,unknown
230429299,unknown
230427886,unknown
230428430,unknown
230428031,unknown
230426214,1
230429561,2
230428873,unknown
230429121,unknown
230425510,1
230425776,unknown
230428483,unknown
230425682,unknown
230426297,2
230428608,unknown
230426604,unknown
230427111,unknown
230427882,unknown
230425891,unknown
230426616,unknown
230429420,2
230425409,unknown
230425655,unknown
230427504,unknown
230427117,2
230426440,2
230425914,unknown
230428467,unknown
230429832,unknown
230425183,unknown
230425532,unknown
230429085,unknown
230425815,unknown
230426288,unknown
230425712,unknown
230426077,2
230428237,unknown
230429791,unknown
230427530,unknown
230425798,2
230429725,unknown
230429958,unknown
230429954,2
230428865,unknown
230429995,unknown
230425262,unknown
230429700,2
230428317,2
230427674,unknown
230425469,unknown
230428127,unknown
230428743,unknown
230429364,unknown
230429365,unknown
230427246,unknown
230425759,unknown
230429339,unknown
230426476,unknown
230427240,unknown
230428530,unknown
230428923,2
230425460,unknown
230426271,2
230425461,unknown
230425221,unknown
230426033,unknown
230426315,unknown
230428861,unknown
230427583,unknown
230425277,2
230429716,2
230425828,unknown
230427136,unknown
230426362,unknown
230429322,2
230426015,unknown
230427450,2
230426053,unknown
230426578,unknown
230429660,unknown
230429681,2
230427045,unknown
230425049,unknown
230426838,unknown
230429913,unknown
230429507,unknown
230427577,unknown
230425386,unknown
230427625,unknown
230426903,unknown
230427778,unknown
230426355,unknown
230428844,2
230427527,2
230427524,unknown
230425859,unknown
230428207,unknown
230425223,unknown
230427901,unknown
230428908,unknown
230428907,unknown
230426291,2
230428595,unknown
230426944,2
230427567,1
230426005,unknown
230425927,unknown
230428462,unknown
230429810,unknown
230428308,unknown
230426955,2
230429639,1
230427852,unknown
230425543,unknown
230427088,unknown
230428876,2
230425517,unknown
230426755,unknown
230426389,unknown
230425207,unknown
230426761,unknown
230428170,unknown
230428900,unknown
230425419,unknown
230426163,unknown
230429613,unknown
230425389,unknown
230425168,unknown
230427082,2
230425753,unknown
230427330,unknown
230427664,unknown
230427268,unknown
230428602,unknown
230428578,2
230426142,unknown
230425215,unknown
230428134,unknown
230428131,unknown
230426115,unknown
230429057,unknown
230425276,2
230427569,unknown
230426471,unknown
230429697,unknown
230429581,unknown
230428582,unknown
230428560,2
230425310,unknown
230427412,unknown
230427616,unknown
230425646,unknown
230427794,unknown
230427711,2
230428267,unknown
230426237,unknown
230425063,2
230427211,unknown
230426438,unknown
230427071,unknown
230425214,unknown
230427464,2
230427467,1
230427276,unknown
230425022,unknown
230426050,unknown
230429288,unknown
230425017,unknown
230428399,unknown
230429101,unknown
230428890,unknown
230426316,unknown
230426322,2
230428860,unknown
230429109,unknown
230426042,unknown
230429976,unknown
230428095,unknown
230426845,unknown
230426858,2
230425037,2
230429949,unknown
230425015,2
230428276,unknown
230427417,unknown
230428729,unknown
230426649,unknown
230428320,2
230425876,unknown
230425878,unknown
230429451,2
230426665,unknown
230426679,unknown
230425289,unknown
230426990,unknown
230426484,2
230425475,unknown
230429345,unknown
230426122,unknown
230427271,unknown
230427459,unknown
230427461,2
230427018,unknown
230428598,2
230425324,unknown
230428591,unknown
230429421,unknown
230429433,unknown
230426683,2
230425246,unknown
230425251,2
230429587,2
230429774,2
230426715,unknown
230428212,unknown
230428915,2
230425673,2
230425683,2
230428633,unknown
230428634,unknown
230426607,unknown
230425713,unknown
230427559,unknown
230426557,unknown
230426967,unknown
230427053,unknown
230425997,2
230425786,2
230429788,unknown
230428459,unknown
230429330,unknown
230427532,2
230429077,2
230425208,unknown
230425960,2
230428686,unknown
230429165,unknown
230427867,2
230427493,2
230427102,unknown
230426301,unknown
230427947,unknown
230428826,unknown
230429833,2
230425187,unknown
230425531,unknown
230429526,2
230425813,unknown
230427885,unknown
230428172,unknown
230427440,2
230429685,unknown
230428419,unknown
230429848,unknown
230429535,2
230427587,unknown
230426363,unknown
230428838,unknown
230428210,unknown
230429244,unknown
230425136,unknown
230429654,unknown
230425373,unknown
230425378,unknown
230428002,unknown
230427780,unknown
230428367,unknown
230428250,unknown
230425932,2
230429985,unknown
230426883,unknown
230426887,unknown
230429895,unknown
230425066,unknown
230428226,unknown
230429204,unknown
230427783,unknown
230428652,unknown
230425349,unknown
230427351,unknown
230426198,2
230428680,2
230427922,unknown
230427924,2
230427447,unknown
230429382,unknown
230427228,unknown
230429177,unknown
230425661,2
230426611,unknown
230427643,unknown
230427642,unknown
230428072,2
230425438,unknown
230427986,2
230428154,unknown
230429416,2
230429432,2
230429617,unknown
230426160,unknown
230426567,unknown
230428689,unknown
230428992,unknown
230429399,2
230426623,unknown
230429746,unknown
230427316,unknown
230427377,2
230429023,unknown
230427309,unknown
230427939,unknown
230426296,2
230429578,unknown
230427224,2
230427944,2
230425229,unknown
230429454,unknown
230425874,unknown
230425872,1
230428321,unknown
230428719,unknown
230428561,unknown
230425990,unknown
230428742,2
230427333,unknown
230428950,unknown
230428707,2
230427427,unknown
230426673,unknown
230426140,2
230426637,unknown
230429719,2
230425316,unknown
230429363,unknown
230429699,unknown
230426009,unknown
230428243,unknown
230428027,2
230428455,unknown
230429541,unknown
230426986,unknown
230428107,unknown
230428451,unknown
230427597,unknown
230427600,unknown
230428424,2
230425556,2
230428396,2
230429854,unknown
230429857,unknown
230425153,unknown
230426397,unknown
230428883,unknown
230425801,unknown
230426094,2
230429265,2
230427034,unknown
230428395,unknown
230427887,unknown
230426336,2
230425062,1
230426827,unknown
230425044,unknown
230427199,2
230425849,unknown
230429280,2
230426790,unknown
230426794,unknown
230427691,2
230428810,unknown
230429163,unknown
230429829,unknown
230427535,unknown
230429824,2
230429493,unknown
230427951,unknown
230425958,unknown
230428252,unknown
230426025,unknown
230425513,unknown
230429552,2
230427207,1
230429606,unknown
230426157,unknown
230426857,unknown
230425346,2
230429644,unknown
230429603,2
230429597,unknown
230426603,unknown
230425436,unknown
230429641,unknown
230427091,unknown
230425647,unknown
230425884,unknown
230425892,unknown
230427500,unknown
230429612,unknown
230428683,unknown
230428980,unknown
230427478,unknown
230428023,unknown
230425234,1
230426708,unknown
230428779,unknown
230426457,unknown
230428764,unknown
230425484,unknown
230425489,unknown
230427073,2
230429439,unknown
230429461,unknown
230427762,unknown
230426699,unknown
230426692,unknown
230428130,2
230425782,unknown
230427663,unknown
230425472,2
230425750,2
230425757,2
230429233,unknown
230427620,2
230426144,unknown
230427451,unknown
230425611,unknown
230425625,unknown
230429768,unknown
230426651,unknown
230428545,unknown
230426652,unknown
230428720,unknown
230427673,unknown
230425280,unknown
230428672,unknown
230427146,2
230429396,1
230426171,2
230426199,unknown
230429383,unknown
230429374,unknown
230427761,unknown
230429973,unknown
230427283,unknown
230427884,unknown
230428000,unknown
230428248,unknown
230426090,2
230428184,2
230427748,unknown
230428415,unknown
230427177,unknown
230429842,2
230426068,unknown
230429221,unknown
230427389,unknown
230429562,unknown
230425503,unknown
230428257,unknown
230428016,unknown
230425511,2
230425784,2
230427112,unknown
230426741,unknown
230429181,unknown
230428871,unknown
230426022,unknown
230425856,unknown
230426358,unknown
230427731,unknown
230429855,unknown
230425138,unknown
230429870,unknown
230426367,unknown
230428827,1
230425817,unknown
230426046,unknown
230428297,2
230428094,unknown
230425110,unknown
230425847,2
230429888,unknown
230429512,2
230426987,2
230425858,unknown
230426023,unknown
230429882,2
230426816,unknown
230429262,unknown
230426044,2
230428471,2
230425171,unknown
230428034,unknown
230427294,unknown
230429279,unknown
230426776,unknown
230427508,unknown
230428340,unknown
230429079,unknown
230425189,unknown
230429524,2
230429523,2
230427590,unknown
230426405,unknown
230428178,2
230429246,unknown
230429556,unknown
230426723,unknown
230426703,unknown
230425227,unknown
230428477,unknown
230428025,unknown
230429799,unknown
230426011,unknown
230426004,unknown
230428263,unknown
230428205,2
230425978,2
230426968,unknown
230428314,unknown
230426424,unknown
230428793,2
230428785,unknown
230426970,unknown
230428076,unknown
230427084,unknown
230426121,unknown
230426120,unknown
230425779,unknown
230425243,2
230425236,unknown
230429565,unknown
230429442,unknown
230426249,2
230429137,unknown
230425988,unknown
230429734,2
230425748,unknown
230428062,unknown
230428593,unknown
230428125,unknown
230428123,2
230426628,unknown
230427011,2
230429694,unknown
230426650,unknown
230425987,unknown
230425982,2
230427612,unknown
230428706,unknown
230427919,unknown
230427992,unknown
230425890,unknown
230429234,unknown
230428999,unknown
230427558,unknown
230427537,2
230428979,unknown
230427212,unknown
230428008,unknown
230425358,unknown
230429686,2
230426177,unknown
230427231,2
230427985,2
230426511,unknown
230425439,2
230429601,unknown
230425428,2
230425663,unknown
230428696,unknown
230429640,2
230427144,unknown
230427132,unknown
230427444,unknown
230425690,2
230427049,unknown
230425064,unknown
230426855,unknown
230427277,unknown
230429915,unknown
230427463,unknown
230428228,unknown
230425931,unknown
230428374,unknown
230426882,unknown
230425097,unknown
230425115,unknown
230428859,2
230429977,unknown
230428051,unknown
230429391,unknown
230425039,unknown
230426535,unknown
230429393,unknown
230426526,unknown
230425405,unknown
230429621,unknown
230428150,unknown
230427561,unknown
230428085,unknown
230429653,unknown
230428651,2
230427352,unknown
230427345,1
230427638,unknown
230427655,unknown
230426532,unknown
230427758,unknown
230425658,unknown
230429720,unknown
230429446,unknown
230427414,unknown
230426238,unknown
230427248,unknown
230429138,unknown
230427242,unknown
230429049,2
230429343,unknown
230425639,unknown
230426248,unknown
230426270,2
230426260,unknown
230427943,2
230427404,unknown
230425255,2
230426430,unknown
230425604,unknown
230428075,unknown
230429585,2
230429143,2
230425271,unknown
230425323,unknown
230429150,unknown
230427660,2
230426123,unknown
230426636,2
230427338,1
230425165,unknown
230427838,unknown
230429074,2
230429193,2
230428109,1
230428811,unknown
230426740,unknown
230426312,2
230427025,2
230429826,unknown
230426812,unknown
230426779,unknown
230426894,2
230429847,2
230425555,unknown
230428452,unknown
230428208,2
230428857,unknown
230426982,1
230429971,unknown
230426343,unknown
230426345,2
230425053,unknown
230425652,unknown
230429634,unknown
230426156,unknown
230428977,unknown
230426201,unknown
230427264,unknown
230425336,unknown
230427774,unknown
230426178,unknown
230429942,2
230425004,unknown
230426873,unknown
230425078,unknown
230427721,2
230425726,2
230425721,unknown
230427458,unknown
230428953,2
230425296,unknown
230428546,unknown
230427765,unknown
230427324,2
230425730,2
230427456,unknown
230426124,2
230426504,unknown
230429584,unknown
230429406,unknown
230425679,unknown
230425433,unknown
230426512,2
230427878,unknown
230427881,unknown
230427491,unknown
230425410,2
230426319,2
230425117,unknown
230425106,unknown
230425102,unknown
230429202,unknown
230427274,2
230427442,2
230428673,unknown
230426538,unknown
230428940,2
230426326,unknown
230427196,unknown
230426878,unknown
230427474,unknown
230428220,unknown
230427062,2
230427114,unknown
230428762,unknown
230428916,unknown
230426298,unknown
230426698,unknown
230428889,unknown
230429478,unknown
230428536,2
230428535,unknown
230427170,unknown
230429592,unknown
230427370,unknown
230428188,2
230428195,unknown
230426101,2
230427006,unknown
230426638,unknown
230427834,unknown
230425322,unknown
230429160,unknown
230429156,unknown
230428318,unknown
230427594,unknown
230429323,unknown
230425190,unknown
230428173,unknown
230425871,unknown
230428500,unknown
230429248,unknown
230428480,2
230429794,unknown
230427739,unknown
230429293,unknown
230425809,unknown
230427190,unknown
230425970,1
230426909,unknown
230427511,2
230425915,unknown
230426081,unknown
230429073,unknown
230428816,2
230426314,unknown
230428823,unknown
230429290,unknown
230428468,2
230426925,2
230428870,unknown
230427173,unknown
230426905,unknown
230428431,unknown
230428349,unknown
230427723,unknown
230428398,unknown
230427737,unknown
230425548,unknown
230428853,unknown
230426018,unknown
230426977,unknown
230425055,2
230426978,unknown
230425041,2
230429994,unknown
230427708,unknown
230425047,2
230428232,2
230426072,2
230426059,unknown
230426057,unknown
230429309,2
230425796,unknown
230429336,unknown
230429071,unknown
230427529,unknown
230425996,unknown
230428261,unknown
230429060,1
230429059,2
230428196,unknown
230427905,2
230429027,unknown
230425738,unknown
230428988,unknown
230426206,2
230427441,unknown
230426228,unknown
230426227,unknown
230425644,2
230428271,unknown
230427563,unknown
230425634,unknown
230427408,unknown
230425603,2
230428879,2
230428872,unknown
230429486,unknown
230427808,unknown
230426971,unknown
230425566,2
230429521,unknown
230426371,unknown
230428815,unknown
230426393,unknown
230426387,unknown
230426969,unknown
230426473,unknown
230426472,unknown
230426469,unknown
230425458,unknown
230429153,1
230428315,unknown
230427270,2
230428709,unknown
230427365,unknown
230427363,unknown
230425394,1
230427632,unknown
230427629,unknown
230426536,unknown
230427137,unknown
230427777,unknown
230428627,2
230429690,2
230425903,unknown
230427635,unknown
230427219,unknown
230427213,2
230428064,unknown
230428588,unknown
230426619,unknown
230429722,2
230429728,1
230425283,unknown
230426672,unknown
230426656,unknown
230429748,1
230426682,unknown
230427997,unknown
230426688,unknown
230425242,unknown
230428511,unknown
230429798,2
230429807,unknown
230428334,unknown
230425192,unknown
230428423,unknown
230428422,unknown
230425143,2
230426899,unknown
230429881,2
230425116,2
230429898,unknown
230428385,unknown
230425098,unknown
230428376,unknown
230429180,unknown
230428370,unknown
230429944,unknown
230429931,unknown
230425072,unknown
230427895,unknown
230426940,unknown
230427623,unknown
230427788,unknown
230426497,2
230427382,unknown
230427367,2
230429574,unknown
230426524,unknown
230426431,unknown
230429637,unknown
230429632,unknown
230428146,unknown
230428001,unknown
230425507,unknown
230425502,2
230429927,2
230429239,unknown
230429662,unknown
230427387,unknown
230427341,unknown
230429655,2
230428660,2
230425535,unknown
230426379,2
230428839,unknown
230429689,unknown
230426598,unknown
230425551,2
230426344,2
230427267,2
230429704,unknown
230427803,unknown
230429483,2
230425564,unknown
230429490,unknown
230428581,2
230426304,unknown
230426303,unknown
230427101,unknown
230426643,unknown
230428585,unknown
230429738,unknown
230429726,unknown
230427407,unknown
230427936,unknown
230427107,unknown
230427105,unknown
230427020,unknown
230427766,2
230428938,unknown
230428937,unknown
230427670,unknown
230428135,unknown
230428128,1
230427575,unknown
230425635,2
230425669,unknown
230429444,unknown
230428022,unknown
230427926,unknown
230426229,unknown
230426174,unknown
230429781,unknown
230429789,unknown
230425718,unknown
230426145,unknown
230426143,2
230429010,unknown
230426747,unknown
230425754,unknown
230428055,2
230427185,unknown
230429370,unknown
230428187,2
230429844,unknown
230426780,unknown
230429095,unknown
230429092,unknown
230429311,unknown
230425791,2
230425790,unknown
230429334,unknown
230425852,unknown
230425850,unknown
230426048,unknown
230426045,unknown
230429106,2
230426800,unknown
230427715,unknown
230425959,unknown
230429950,unknown
230425946,2
230429197,unknown
230429934,unknown
230427719,unknown
230425010,unknown
230428740,unknown
230429596,2
230426447,unknown
230427802,2
230428771,unknown
230425829,2
230426038,2
230428776,unknown
230426966,unknown
230428687,unknown
230429270,unknown
230426060,unknown
230426445,unknown
230427626,unknown
230428750,2
230428668,unknown
230428411,unknown
230426082,unknown
230427531,unknown
230425992,2
230428802,2
230427981,unknown
230426071,unknown
230428299,2
230427262,unknown
230427755,unknown
230428796,unknown
230426404,unknown
230428641,2
230426632,unknown
230426836,unknown
230426843,unknown
230428389,unknown
230425104,unknown
230429256,unknown
230425869,2
230429258,unknown
230427239,unknown
230425716,2
230429488,unknown
230428887,2
230426919,unknown
230427100,unknown
230428292,unknown
230426983,unknown
230426360,unknown
230425764,unknown
230427688,unknown
230429021,unknown
230429822,1
230425558,unknown
230429155,2
230426926,unknown
230429062,unknown
230427842,2
230425178,unknown
230426906,unknown
230428583,unknown
230425294,2
230428185,unknown
230427406,unknown
230428984,unknown
230425230,2
230427307,unknown
230428080,2
230428523,unknown
230427995,unknown
230427337,unknown
230427223,unknown
230425630,unknown
230428526,unknown
230426693,unknown
230425238,unknown
230425699,unknown
230426173,unknown
230425263,unknown
230426677,unknown
230426008,unknown
230426017,unknown
230425864,2
230429776,unknown
230429773,unknown
230429184,2
230425009,2
230429224,unknown
230429200,unknown
230429208,unknown
230427916,2
230426994,unknown
230426235,2
230427422,unknown
230426212,2
230428961,2
230426814,2
230426820,unknown
230428234,2
230428266,unknown
230429371,unknown
230429384,unknown
230427910,unknown
230429144,unknown
230427602,2
230427108,unknown
230425894,2
230426074,2
230427116,unknown
230429858,unknown
230426417,unknown
230427124,unknown
230429571,unknown
230429595,2
230427791,2
230426500,2
230426516,2
230428437,unknown
230428436,unknown
230425414,2
230429892,unknown
230426428,unknown
230425490,unknown
230428104,2
230426797,2
230425814,2
230425025,2
230427194,unknown
230425599,unknown
230425118,unknown
230427545,unknown
230428331,unknown
230425205,unknown
230425328,2
230427150,unknown
230426194,unknown
230425717,2
230428186,1
230428574,unknown
230427490,unknown
230427827,unknown
230426161,unknown
230427247,unknown
230429032,1
230425581,unknown
230425540,2
230428457,2
230428141,unknown
230426365,unknown
230425524,unknown
230429652,unknown
230425530,unknown
230428843,unknown
230426931,2
230429529,2
230428605,unknown
230425723,unknown
230426759,unknown
230426976,unknown
230426624,unknown
230428784,2
230428676,unknown
230426031,unknown
230427026,unknown
230429113,unknown
230429269,unknown
230427965,unknown
230425476,unknown
230429599,2
230428774,unknown
230425459,unknown
230425602,unknown
230428233,2
230426811,unknown
230428476,unknown
230428409,unknown
230426184,unknown
230429001,unknown
230425633,unknown
230426998,unknown
230429456,unknown
230425613,2
230425279,unknown
230427094,2
230429387,unknown
230426996,unknown
230428277,unknown
230426808,unknown
230427516,unknown
230427052,2
230428206,unknown
230429129,unknown
230426686,2
230428538,2
230428534,unknown
230428963,unknown
230428955,unknown
230426491,unknown
230426867,2
230427487,unknown
230427282,unknown
230426951,unknown
230426948,unknown
230427358,unknown
230429201,unknown
230428527,unknown
230425684,2
230425675,unknown
230428712,unknown
230428724,unknown
230429567,2
230427410,unknown
230428951,2
230427832,unknown
230425404,unknown
230425447,unknown
230427795,unknown
230429462,unknown
230427332,unknown
230429786,unknown
230425641,unknown
230427862,unknown
230429619,unknown
230426273,2
230428910,unknown
230427448,unknown
230426706,unknown
230426709,unknown
230428522,unknown
230426720,1
230428495,unknown
230426999,unknown
230427220,unknown
230427479,1
230427311,unknown
230426830,unknown
230428892,2
230428927,unknown
230426186,2
230426669,unknown
230428996,unknown
230429257,unknown
230425583,unknown
230425539,unknown
230429016,2
230427904,1
230425771,unknown
230428747,unknown
230429097,unknown
230426633,unknown
230425800,unknown
230425185,unknown
230429332,unknown
230428336,unknown
230426732,unknown
230425595,2
230428868,unknown
230425860,2
230426907,unknown
230428584,unknown
230427234,unknown
230429090,unknown
230425148,unknown
230426051,unknown
230426040,2
230426148,2
230429051,2
230426583,unknown
230426584,2
230426571,unknown
230428828,unknown
230425955,unknown
230429957,1
230427738,unknown
230429291,unknown
230427704,unknown
230429963,unknown
230428241,1
230428061,2
230427675,unknown
230427850,unknown
230427606,unknown
230427592,unknown
230429172,unknown
230429241,unknown
230429903,unknown
230425163,unknown
230425741,unknown
230428003,unknown
230425745,2
230427343,2
230427218,unknown
230429522,unknown
230426763,2
230426757,2
230429823,unknown
230429972,unknown
230429054,unknown
230429149,unknown
230428489,unknown
230427519,unknown
230427409,unknown
230426674,unknown
230428943,2
230425709,unknown
230425623,unknown
230428882,unknown
230428090,unknown
230429398,unknown
230428918,unknown
230425482,unknown
230427315,unknown
230426289,unknown
230428329,2
230429586,unknown
230429624,unknown
230425413,unknown
230426993,2
230428957,unknown
230427572,unknown
230429605,unknown
230428359,unknown
230426208,unknown
230427946,2
230429105,unknown
230425827,unknown
230426805,2
230426035,unknown
230427659,unknown
230427205,unknown
230426840,unknown
230428388,unknown
230428379,unknown
230428392,2
230428163,unknown
230427912,unknown
230429355,unknown
230426550,2
230426085,unknown
230429548,2
230427562,unknown
230427078,unknown
230427913,unknown
230427069,unknown
230427070,unknown
230427582,unknown
230427149,unknown
230428586,unknown
230425318,2
230427811,unknown
230425140,unknown
230426893,unknown
230426070,unknown
230425606,unknown
230428891,unknown
230426533,unknown
230426092,2
230425795,unknown
230427557,unknown
230429469,unknown
230427103,2
230427994,unknown
230429238,unknown
230427266,unknown
230425079,unknown
230429926,unknown
230428375,unknown
230429045,unknown
230426609,unknown
230426756,2
230426339,unknown
230426331,unknown
230429834,unknown
230427608,unknown
230425899,unknown
230426104,2
230426116,2
230428054,unknown
230425046,unknown
230428347,unknown
230427784,unknown
230427135,2
230429550,unknown
230426386,unknown
230428804,2
230425135,unknown
230428353,unknown
230425921,unknown
230425925,unknown
230425074,unknown
230425930,unknown
230425058,unknown
230429935,2
230427046,unknown
230425002,unknown
230426879,unknown
230425034,unknown
230429986,unknown
230425824,unknown
230429939,2
230425077,unknown
230426861,unknown
230427287,2
230427290,unknown
230426869,unknown
230425918,unknown
230427779,unknown
230427628,unknown
230427131,unknown
230428800,unknown
230426618,unknown
230429687,unknown
230429537,2
230428637,1
230428198,unknown
230426109,unknown
230427245,unknown
230427304,unknown
230426934,unknown
230429229,unknown
230425093,unknown
230429173,unknown
230427599,unknown
230427756,unknown
230428610,2
230426126,unknown
230429831,unknown
230429509,2
230427804,unknown
230426620,unknown
230426833,unknown
230428301,unknown
230426960,unknown
230425159,2
230428440,unknown
230426785,unknown
230428995,unknown
230427249,unknown
230426154,unknown
230428575,unknown
230429705,unknown
230428866,unknown
230425710,unknown
230425198,unknown
230428337,unknown
230429817,unknown
230427541,unknown
230428697,2
230426534,2
230425429,unknown
230426061,2
230425144,1
230425145,unknown
230428157,unknown
230428160,unknown
230427401,2
230426818,2
230427725,2
230427058,unknown
230427308,unknown
230427023,unknown
230426010,2
230426016,unknown
230427855,unknown
230427858,unknown
230425837,unknown
230425843,unknown
230426565,2
230429622,2
230425416,unknown
230427366,2
230428965,2
230426224,2
230429745,2
230428077,unknown
230428083,unknown
230427668,unknown
230426696,unknown
230428947,unknown
230429403,unknown
230428325,unknown
230426517,unknown
230427991,1
230427564,unknown
230429417,unknown
230426689,unknown
230426890,unknown
230425942,unknown
230429185,unknown
230429998,unknown
230429588,unknown
230429591,unknown
230426510,unknown
230427372,2
230426852,unknown
230425083,unknown
230429145,1
230429564,unknown
230425412,2
230425470,unknown
230425478,unknown
230427489,unknown
230427486,1
230427483,unknown
230427880,unknown
230426525,2
230429572,2
230425867,2
230425870,unknown
230428404,unknown
230428306,unknown
230425491,unknown
230429124,unknown
230429264,unknown
230429894,unknown
230428209,unknown
230429146,2
230427515,unknown
230427950,2
230427999,unknown
230425514,unknown
230429058,unknown
230427639,2
230426935,unknown
230427204,2
230427640,unknown
230428842,2
230428832,2
230429659,unknown
230426595,2
230426985,unknown
230427585,unknown
230428599,2
230426335,unknown
230427302,unknown
230428057,unknown
230428056,2
230425516,unknown
230429287,1
230429877,unknown
230426574,unknown
230426284,unknown
230425697,unknown
230425288,unknown
230425272,unknown
230429480,2
230425714,unknown
230428899,unknown
230428905,unknown
230429474,unknown
230425312,unknown
230427104,2
230425720,unknown
230429777,2
230425033,unknown
230429991,unknown
230425610,unknown
230427917,unknown
230427325,unknown
230427494,2
230426871,unknown
230426501,2
230425446,unknown
230427798,unknown
230428236,2
230427168,unknown
230428137,unknown
230425244,unknown
230425240,unknown
230425618,2
230426726,2
230427560,unknown
230426413,unknown
230425105,2
230429982,unknown
230429600,2
230425820,unknown
230426799,unknown
230426796,unknown
230428426,unknown
230428819,unknown
230427397,2
230428803,2
230428009,unknown
230427772,unknown
230426385,unknown
230429126,unknown
230427726,unknown
230425853,2
230426908,unknown
230427469,unknown
230425851,unknown
230429891,unknown
230428780,2
230428786,unknown
230426433,unknown
230426846,unknown
230426549,2
230429638,2
230425391,unknown
230426465,unknown
230429910,unknown
230429254,unknown
230426828,unknown
230428383,unknown
230428752,unknown
230427984,2
230426507,unknown
230425059,unknown
230428714,2
230428765,2
230426527,unknown
230426475,unknown
230427488,unknown
230429970,2
230429922,unknown
230425451,unknown
230425325,2
230427805,unknown
230429504,unknown
230428296,unknown
230427685,2
230429035,2
230429022,unknown
230429527,2
230427747,unknown
230426058,1
230425793,unknown
230428121,2
230427646,unknown
230425546,unknown
230429517,2
230427188,unknown
230428112,2
230425781,unknown
230426112,unknown
230429302,unknown
230428818,unknown
230429284,unknown
230426895,2
230429103,2
230429534,unknown
230425846,unknown
230429112,unknown
230428603,unknown
230426378,unknown
230425352,unknown
230426384,unknown
230429356,unknown
230425212,unknown
230427085,2
230429753,unknown
230426663,unknown
230429797,2
230428332,unknown
230429003,unknown
230427942,unknown
230428974,unknown
230425737,unknown
230426768,unknown
230426930,unknown
230425589,unknown
230429737,unknown
230427911,unknown
230428902,unknown
230425637,unknown
230428934,unknown
230428924,unknown
230426261,unknown
230425657,unknown
230425231,unknown
230426710,unknown
230428516,unknown
230428475,unknown
230429376,unknown
230426243,unknown
230427707,unknown
230426496,2
230425911,unknown
230429492,unknown
230429487,unknown
230429190,unknown
230426876,unknown
230425954,unknown
230425948,2
230425963,unknown
230427851,unknown
230427510,2
230426868,unknown
230425068,unknown
230428708,unknown
230425939,2
230425260,unknown
230427571,unknown
230425631,unknown
230427329,unknown
230427574,unknown
230426995,unknown
230428954,unknown
230426239,unknown
230425043,unknown
230429778,unknown
230429782,2
230427416,2
230425705,1
230426702,2
230428959,unknown
230426662,unknown
230428078,unknown
230428970,unknown
230426287,unknown
230429076,2
230426099,unknown
230429052,unknown
230429542,unknown
230426612,unknown
230427536,unknown
230427807,unknown
230426342,unknown
230425573,unknown
230428202,2
230429044,unknown
230425760,2
230425749,unknown
230427680,unknown
230427187,unknown
230426354,unknown
230428069,unknown
230429362,unknown
230428474,unknown
230426753,unknown
230427830,2
230429819,unknown
230428565,unknown
230428559,2
230428558,unknown
230427233,2
230427010,unknown
230427012,unknown
230429357,unknown
230425307,2
230429808,2
230428338,2
230426913,unknown
230426911,unknown
230426188,unknown
230425309,unknown
230428994,unknown
230427550,unknown
230428587,unknown
230427977,unknown
230428093,unknown
230426546,unknown
230428291,2
230429631,unknown
230426541,2
230425085,unknown
230426514,unknown
230429917,unknown
230425885,unknown
230429590,2
230428754,unknown
230429237,unknown
230427384,unknown
230427055,unknown
230427955,unknown
230428623,unknown
230425374,unknown
230428806,2
230426804,unknown
230429273,unknown
230426572,unknown
230428661,unknown
230429645,unknown
230425835,unknown
230426585,unknown
230427694,2
230429277,unknown
230427610,2
230426406,2
230427313,unknown
230429948,unknown
230425007,unknown
230428567,unknown
230429724,unknown
230426276,unknown
230428897,unknown
230425286,unknown
230429389,unknown
230425703,unknown
230427230,unknown
230428011,2
230428481,unknown
230425222,unknown
230429784,unknown
230425651,1
230425665,unknown
230425249,unknown
230425608,unknown
230429409,2
230425671,unknown
230426286,unknown
230426725,unknown
230429938,unknown
230427618,unknown
230425974,unknown
230427426,2
230428533,2
230427002,unknown
230428929,unknown
230428930,2
230428525,unknown
230425252,unknown
230427757,2
230429677,unknown
230425348,2
230429852,2
230428442,2
230427202,unknown
230425792,2
230426091,2
230429544,unknown
230426351,unknown
230426349,unknown
230426777,unknown
230427237,2
230428852,unknown
230429031,unknown
230429701,unknown
230426305,unknown
230425596,unknown
230429751,2
230425601,unknown
230427013,2
230429030,unknown
230428997,unknown
230428987,unknown
230428183,unknown
230427920,unknown
230428230,unknown
230429199,unknown
230426503,unknown
230426492,unknown
230427958,unknown
230427961,unknown
230428787,unknown
230429274,unknown
230427251,unknown
230426026,2
230427970,unknown
230429560,unknown
230429555,unknown
230425508,unknown
230427956,unknown
230428658,unknown
230428351,unknown
230427730,unknown
230428758,unknown
230427631,2
230428264,1
230426462,unknown
230427385,unknown
230429626,unknown
230429570,2
230428768,unknown
230425882,unknown
230428377,unknown
230427379,2
230427868,unknown
230428365,unknown
230428369,unknown
230425452,unknown
230426856,unknown
230429610,unknown
230429589,unknown
230425450,2
230428824,unknown
230427621,2
230428101,unknown
230425050,unknown
230426897,unknown
230428354,unknown
230428417,2
230426791,unknown
230428039,unknown
230428449,2
230427749,unknown
230425176,2
230427152,unknown
230425321,unknown
230425300,2
230425290,unknown
230429757,2
230425253,2
230425247,2
230427165,unknown
230428019,unknown
230428502,unknown
230428493,1
230426658,2
230428557,unknown
230426639,unknown
230428571,unknown
230428068,2
230427139,unknown
230427134,unknown
230429628,unknown
230429647,unknown
230429672,2
230429678,unknown
230429675,unknown
230427113,unknown
230429576,unknown
230425408,unknown
230429620,unknown
230428152,unknown
230428592,unknown
230426602,unknown
230428657,unknown
230427350,unknown
230427987,2
230425591,unknown
230427815,unknown
230429525,2
230427609,unknown
230425522,unknown
230427118,unknown
230428081,unknown
230425677,unknown
230429450,unknown
230427573,unknown
230428316,unknown
230426938,unknown
230426461,unknown
230428781,unknown
230428305,2
230429347,unknown
230429346,2
230425740,unknown
230429368,unknown
230429360,unknown
230425704,unknown
230429402,unknown
230428204,unknown
230425854,2
230429303,2
230427081,unknown
230426366,unknown
230426359,2
230426984,unknown
230429222,unknown
230427507,2
230427501,unknown
230427492,unknown
230428254,2
230426027,unknown
230429122,unknown
230426006,unknown
230425956,unknown
230429183,unknown
230427037,unknown
230426980,1
230427941,unknown
230426265,unknown
230426262,2
230426054,unknown
230426029,unknown
230427032,unknown
230427915,unknown
230428941,unknown
230427925,unknown
230426172,unknown
230429029,unknown
230426888,unknown
230428372,unknown
230426854,unknown
230426841,unknown
230429851,unknown
230428103,unknown
230425023,2
230425082,unknown
230429912,unknown
230429863,2
230429880,unknown
230427702,unknown
230427689,unknown
230429846,2
230429839,unknown
230427244,unknown
230429013,2
230429014,unknown
230428043,unknown
230427272,unknown
230426850,unknown
230428092,unknown
230427717,unknown
230426258,2
230428239,2
230427935,unknown
230426338,unknown
230427932,unknown
230426088,2
230429087,2
230429028,unknown
230429082,unknown
230427029,unknown
230427415,unknown
230428272,unknown
230426225,2
230426217,unknown
230428928,unknown
230427455,unknown
230428282,unknown
230425698,2
230427057,2
230425696,unknown
230425826,unknown
230429318,2
230426444,2
230428775,1
230428735,unknown
230426435,2
230425765,unknown
230428286,unknown
230427821,unknown
230429385,2
230428738,unknown
230428761,1
230427506,unknown
230426348,unknown
230427396,unknown
230426421,unknown
230426407,unknown
230428841,unknown
230427854,unknown
230427526,unknown
230429231,unknown
230425883,unknown
230425889,unknown
230425986,unknown
230427250,unknown
230427896,unknown
230428194,unknown
230425794,unknown
230425777,2
230427789,unknown
230427634,unknown
230428071,unknown
230428518,unknown
230427666,unknown
230428021,2
230427310,unknown
230428506,2
230426910,2
230425369,unknown
230427360,unknown
230426506,unknown
230425040,unknown
230427669,2
230429741,unknown
230429708,unknown
230425319,unknown
230427171,unknown
230427679,unknown
230427676,unknown
230427750,1
230427299,unknown
230428413,unknown
230425005,2
230428414,2
230428129,unknown
230428447,unknown
230429809,1
230425340,unknown
230428613,unknown
230428151,unknown
230425495,unknown
230429497,unknown
230428326,unknown
230428621,unknown
230428086,unknown
230428159,unknown
230427565,2
230429449,unknown
230429397,unknown
230427833,unknown
230425615,unknown
230427831,2
230429476,unknown
230426530,unknown
230427595,unknown
230425562,unknown
230427816,unknown
230429477,unknown
230428275,unknown
230427398,2
230428932,unknown
230428295,unknown
230426079,unknown
230427462,unknown
230426211,unknown
230428948,unknown
230427475,unknown
230427014,unknown
230426255,unknown
230427907,unknown
230428718,2
230428756,unknown
230426456,unknown
230425768,1
230427542,unknown
230427539,unknown
230429305,unknown
230429377,unknown
230427847,unknown
230427844,unknown
230427843,2
230429326,unknown
230426953,unknown
230429307,unknown
230429162,unknown
230425985,unknown
230425888,2
230429236,unknown
230427863,unknown
230429188,unknown
230425967,unknown
230425950,unknown
230427509,unknown
230425906,unknown
230428834,unknown
230426375,unknown
230426988,unknown
230425920,unknown
230426394,unknown
230428836,unknown
230427962,unknown
230426420,unknown
230428972,unknown
230429063,2
230429102,2
230426141,unknown
230426842,unknown
230428402,unknown
230427722,unknown
230426802,unknown
230429897,2
230429886,unknown
230429919,unknown
230429997,unknown
230425128,unknown
230426902,unknown
230428363,unknown
230428049,unknown
230426266,unknown
230426569,unknown
230427359,unknown
230427361,2
230429491,unknown
230426531,2
230425594,unknown
230428161,unknown
230429452,2
230425656,unknown
230429475,2
230428727,unknown
230428156,unknown
230427813,2
230426936,2
230429611,unknown
230427662,2
230428460,2
230427312,unknown
230425384,unknown
230429664,unknown
230429684,2
230427658,unknown
230428140,unknown
230425425,2
230425424,unknown
230425422,unknown
230429582,2
230425480,unknown
230425473,unknown
230425329,unknown
230425330,unknown
230429825,unknown
230429821,unknown
230427179,2
230425166,unknown
230428119,unknown
230429709,unknown
230429706,unknown
230425237,unknown
230428445,unknown
230428472,unknown
230426927,unknown
230428132,unknown
230426789,2
230428456,unknown
230426798,1
230428110,unknown
230425026,unknown
230425016,unknown
230428096,unknown
230425008,unknown
230425080,unknown
230425866,unknown
230427166,unknown
230425217,unknown
230427859,unknown
230428293,unknown
230425823,2
230426997,unknown
230427066,unknown
230429275,unknown
230428319,2
230428362,unknown
230427735,unknown
230427727,unknown
230427869,unknown
230427533,unknown
230425787,unknown
230428433,unknown
230425266,unknown
230429762,unknown
230427671,unknown
230426821,2
230428342,2
230427472,unknown
230425934,unknown
230426047,2
230429174,unknown
230428469,unknown
230426745,unknown
230425385,unknown
230426654,2
230428550,unknown
230425715,unknown
230428554,unknown
230428975,2
230429369,unknown
230426108,unknown
230429067,unknown
230426562,2
230428935,unknown
230426275,unknown
230428917,unknown
230429004,unknown
230426528,unknown
230426539,unknown
230425501,2
230429012,unknown
230426309,2
230429623,unknown
230429625,unknown
230425421,unknown
230425371,2
230427630,unknown
230425415,unknown
230429158,2
230427465,2
230427300,2
230427839,unknown
230427293,unknown
230428639,unknown
230428617,2
230426179,unknown
230428952,unknown
230426508,unknown
230428705,unknown
230429436,2
230425627,2
230429463,2
230425617,unknown
230425584,2
230428799,unknown
230429437,unknown
230425924,unknown
230426347,unknown
230426364,unknown
230426318,unknown
230428878,2
230426418,unknown
230427740,unknown
230427097,unknown
230429580,unknown
230428180,unknown
230427236,unknown
230429893,unknown
230425122,unknown
230425156,1
230429902,unknown
230429908,unknown
230429861,unknown
230427162,unknown
230429890,unknown
230427497,2
230426382,unknown
230427522,unknown
230425545,unknown
230429515,2
230425578,unknown
230425457,unknown
230426221,unknown
230426213,unknown
230426402,2
230428728,unknown
230429400,unknown
230427617,unknown
230425291,unknown
230425293,2
230425381,unknown
230426904,unknown
230429114,unknown
230425926,unknown
230425201,unknown
230425018,unknown
230427860,2
230426866,unknown
230427744,unknown
230427746,unknown
230429828,unknown
230425197,unknown
230428358,unknown
230426886,unknown
230428045,unknown
230427241,unknown
230427728,2
230429968,unknown
230425011,2
230428113,unknown
230426552,unknown
230428512,unknown
230428685,unknown
230426695,unknown
230429553,2
230425515,unknown
230429019,unknown
230425724,unknown
230427554,unknown
230426664,unknown
230426631,unknown
230428976,unknown
230429072,unknown
230426062,2
230426153,2
230426772,unknown
230428032,unknown
230429100,unknown
230425995,2
230426002,unknown
230425855,unknown
230428463,unknown
230426724,unknown
230428040,2
230429630,unknown
230428428,unknown
230428517,2
230425403,2
230429661,2
230425362,2
230428618,unknown
230426622,unknown
230425123,1
230428189,2
230427038,unknown
230427031,unknown
230425842,unknown
230428273,unknown
230429319,unknown
230429304,unknown
230426928,2
230425233,unknown
230429941,unknown
230428099,unknown
230425014,unknown
230427371,unknown
230427948,2
230427927,unknown
230429423,2
230428646,2
230428745,unknown
230428798,unknown
230427368,unknown
230426250,unknown
230427378,2
230427963,2
230428757,unknown
230426455,unknown
230429429,unknown
230429430,unknown
230429506,unknown
230425523,unknown
230425577,2
230425567,unknown
230426377,unknown
230429214,unknown
230428846,unknown
230426330,unknown
230426317,unknown
230426502,2
230426246,unknown
230427952,2
230428946,unknown
230427424,2
230428082,unknown
230428142,unknown
230429864,unknown
230427153,2
230425099,2
230425103,unknown
230425087,unknown
230425089,unknown
230425096,2
230427216,unknown
230429865,2
230429862,2
230427156,unknown
230428181,unknown
230428171,unknown
230425875,unknown
230426391,unknown
230428863,unknown
230426415,unknown
230429466,unknown
230425614,unknown
230425593,unknown
230425585,unknown
230429496,unknown
230427812,unknown
230426515,unknown
230426513,unknown
230426247,2
230427411,unknown
230426233,unknown
230427809,2
230427578,unknown
230426481,unknown
230426477,unknown
230427383,unknown
230427624,unknown
230429502,2
230425561,unknown
230427787,2
230427598,2
230427591,2
230428616,unknown
230426600,unknown
230425687,2
230425659,2
230427576,unknown
230429009,2
230428931,2
230426570,2
230429575,unknown
230425466,unknown
230426691,unknown
230426684,unknown
230427335,unknown
230425752,unknown
230426111,unknown
230426098,unknown
230426095,unknown
230426189,2
230426671,unknown
230428547,unknown
230426635,unknown
230426614,unknown
230429657,unknown
230425423,2
230425402,unknown
230427776,unknown
230427305,unknown
230429117,unknown
230429141,unknown
230429159,unknown
230427875,unknown
230429272,2
230429025,unknown
230425767,unknown
230429341,unknown
230428473,unknown
230426735,unknown
230428041,unknown
230425375,unknown
230429703,unknown
230429713,unknown
230425305,unknown
230425303,2
230429742,unknown
230425265,unknown
230426865,unknown
230428387,2
230425180,unknown
230427846,unknown
230425957,unknown
230425953,unknown
230425943,unknown
230429196,unknown
230429108,2
230427894,unknown
230426921,unknown
230426891,2
230428356,unknown
230426875,unknown
230427281,unknown
230428253,unknown
230428060,unknown
230427253,2
230427243,1
230427086,unknown
230427080,unknown
230428249,unknown
230427000,unknown
230428322,2
230429801,unknown
230425045,unknown
230429984,unknown
230425028,unknown
230427197,unknown
230429992,unknown
230428102,2
230425048,unknown
230425069,unknown
230425088,2
230427183,unknown
230427189,2
230428097,unknown
230425895,unknown
230429969,unknown
230425900,2
230429191,unknown
230429195,unknown
230425929,unknown
230425922,unknown
230429219,2
230425912,unknown
230425904,unknown
230429176,unknown
230427534,2
230425811,2
230429278,2
230429178,unknown
230429268,unknown
230425951,unknown
230429354,unknown
230425729,unknown
230425766,unknown
230426093,unknown
230426034,2
230429119,unknown
230426024,unknown
230426019,2
230425979,unknown
230426168,unknown
230429366,unknown
230429005,unknown
230426185,unknown
230427909,unknown
230426181,unknown
230425477,unknown
230425492,unknown
230426521,unknown
230425493,unknown
230426518,unknown
230427364,unknown
230428690,2
230427998,2
230426442,1
230428788,unknown
230428854,unknown
230426398,2
230426434,unknown
230427374,unknown
230426470,unknown
230427428,2
230426256,unknown
230428909,unknown
230428969,unknown
230426230,unknown
230426234,unknown
230426218,2
230427929,1
230429394,1
230429388,unknown
230425670,unknown
230429635,unknown
230426701,1
230428542,unknown
230426561,unknown
230427334,unknown
230426646,unknown
230428611,2
230426529,unknown
230425552,unknown
230425550,2
230425454,unknown
230425456,unknown
230425547,unknown
230429536,unknown
230426958,unknown
230426952,unknown
230425139,unknown
230427280,unknown
230428443,unknown
230429750,2
230425273,unknown
230427273,unknown
230426822,unknown
230426803,unknown
230428026,unknown
230428478,unknown
230427140,unknown
230428168,unknown
230429974,unknown
230427209,unknown
230429990,unknown
230428153,unknown
230428088,2
230429702,unknown
230427677,unknown
230428360,unknown
230425225,unknown
230427261,unknown
230425250,unknown
230425146,unknown
230427061,unknown
230427690,2
230428280,unknown
230428256,2
230426989,unknown
230428284,unknown
230425400,unknown
230425390,2
230429665,2
230428015,unknown
230428504,unknown
230429646,unknown
230426132,unknown
230429227,unknown
230429337,2
230427195,unknown
230425902,unknown
230425838,unknown
230427528,unknown
230425879,2
230427856,unknown
230425030,2
230425769,unknown
230429325,unknown
230426719,unknown
230427319,unknown
230428548,unknown
230428594,unknown
230428667,unknown
230428694,2
230428691,unknown
230429563,unknown
230425521,unknown
230427990,unknown
230428801,unknown
230427568,unknown
230429468,2
230426425,unknown
230428769,unknown
230427375,unknown
230426422,2
230428805,1
230426242,unknown
230427900,unknown
230429415,unknown
230426240,unknown
230427899,1
230428919,unknown
230426164,unknown
230429008,2
230427453,2
230426170,unknown
230428989,unknown
230425645,2
230429424,unknown
230425668,unknown
230429353,unknown
230426138,unknown
230425736,unknown
230429361,unknown
230429130,unknown
230429328,unknown
230429749,unknown
230426795,unknown
230427656,unknown
230429739,unknown
230426844,2
230428479,unknown
230426738,unknown
230428465,unknown
230426765,2
230429650,unknown
230429598,unknown
230428074,unknown
230427665,unknown
230425191,2
230429792,2
230426872,unknown
230428341,unknown
230425184,unknown
230426880,1
230425338,unknown
230425337,2
230427792,2
230429673,1
230429668,unknown
230429688,unknown
230425387,unknown
230429859,unknown
230425142,1
230428213,unknown
230425129,unknown
230428302,unknown
230428247,2
230428343,unknown
230428164,unknown
230429993,unknown
230425032,unknown
230427718,2
230429752,unknown
230429743,2
230429039,unknown
230428590,unknown
230425453,2
230427278,unknown
230427210,unknown
230426267,2
230426007,unknown
230425179,unknown
230425417,unknown
230428053,unknown
230428050,unknown
230429845,unknown
230428944,unknown
230428115,unknown
230425167,2
230427771,unknown
230429314,unknown
230429260,2
230426292,unknown
230429604,unknown
230429830,unknown
230425519,2
230427087,2
230428190,unknown
230428218,unknown
230429642,2
230427322,unknown
230428167,2
230428162,unknown
230427129,unknown
230427119,unknown
230427605,2
230425807,unknown
230429315,unknown
230425780,unknown
230425886,unknown
230429804,2
230428544,unknown
230428569,unknown
230427362,2
230427979,unknown
230425173,2
230425172,unknown
230426324,unknown
230426310,2
230427019,unknown
230428259,unknown
230425051,unknown
230429128,unknown
230429123,unknown
230427035,unknown
230428244,unknown
230427848,unknown
230426680,unknown
230428744,unknown
230425216,unknown
230425354,unknown
230429940,unknown
230429933,unknown
230428311,unknown
230429171,unknown
230427403,unknown
230426204,unknown
230428983,unknown
230429818,unknown
230428283,unknown
230425605,2
230428278,unknown
230426979,unknown
230425742,unknown
230426707,2
230429083,unknown
230426728,unknown
230429207,2
230425923,unknown
230425732,unknown
230425731,unknown
230425727,unknown
230425725,unknown
230425114,unknown
230429715,unknown
230428778,unknown
230428763,unknown
230425685,unknown
230425678,unknown
230425676,2
230429413,unknown
230426937,1
230429455,unknown
230428397,unknown
230425343,unknown
230428371,unknown
230428807,2
230426784,unknown
230426436,2
230429187,unknown
230425945,2
230426848,unknown
230428454,unknown
230428453,unknown
230427498,unknown
230425264,unknown
230429078,2
230427636,2
230428662,unknown
230428620,2
230428649,2
230428635,unknown
230426257,unknown
230425483,unknown
230427759,unknown
230427657,unknown
230425001,unknown
230429996,unknown
230429960,unknown
230429955,unknown
230425474,unknown
230425481,unknown
230426253,2
230427252,2
230426568,1
230426158,unknown
230427870,unknown
230426788,unknown
230429006,unknown
230429987,unknown
230429282,2
230428659,unknown
230426155,unknown
230426877,unknown
230428405,unknown
230426834,2
230426835,1
230426443,2
230429698,unknown
230426399,unknown
230427480,unknown
230429428,unknown
230426826,unknown
230426813,unknown
230426807,2
230426849,unknown
230428450,unknown
230428444,2
230425628,unknown
230425648,unknown
230426353,unknown
230425744,unknown
230425306,unknown
230427849,unknown
230429342,2
230426313,2
230428968,2
230427007,2
230428260,unknown
230427022,unknown
230425092,2
230427945,unknown
230428982,2
230429669,unknown
230426080,unknown
230426134,unknown
230426681,unknown
230426714,unknown
230426207,unknown
230427853,unknown
230425245,2
230429381,2
230426758,2
230429359,unknown
230428484,2
230429405,unknown
230429166,unknown
230429168,unknown
230426884,unknown
230428835,2
230425538,2
230429899,unknown
230429115,unknown
230429329,2
230425363,2
230425356,unknown
230426591,1
230429306,unknown
230429841,unknown
230426279,unknown
230427279,2
230425067,2
230425161,unknown
230429554,unknown
230427106,unknown
230428920,unknown
230429636,unknown
230429629,2
230426282,unknown
230425398,unknown
230427157,2
230427320,2
230428596,unknown
230426128,unknown
230427699,unknown
230429966,unknown
230429747,2
230428711,unknown
230427713,unknown
230427649,unknown
230426540,unknown
230427698,2
230426299,unknown
230427614,2
230427611,unknown
230429247,unknown
230426593,unknown
230427174,unknown
230428017,2
230427141,unknown
230425880,unknown
230428579,2
230426640,unknown
230425848,unknown
230425559,2
230429627,unknown
230429520,2
230425549,unknown
230426086,2
230426582,unknown
230429294,unknown
230425844,unknown
230425487,unknown
230425020,unknown
230425588,unknown
230426949,2
230425341,unknown
230428408,unknown
230428352,unknown
230427473,unknown
230429026,unknown
230425332,unknown
230428393,unknown
230428384,2
230427065,unknown
230427966,unknown
230427553,unknown
230426013,unknown
230427824,2
230427556,unknown
230428551,unknown
230428848,2
230428849,unknown
230428858,2
230427954,unknown
230429348,1
230426488,unknown
230425755,unknown
230429712,unknown
230425355,unknown
230428279,unknown
230425908,2
230425993,2
230429896,unknown
230426380,2
230426750,unknown
230426065,unknown
230429682,unknown
230427028,unknown
230428240,2
230427974,unknown
230425991,unknown
230428300,unknown
230426370,unknown
230426912,2
230429464,unknown
230426778,unknown
230426892,unknown
230427495,unknown
230427505,unknown
230427871,unknown
230425836,2
230426786,unknown
230427485,unknown
230428926,unknown
230427763,unknown
230426283,2
230427109,unknown
230427336,unknown
230428006,unknown
230429779,unknown
230429614,unknown
230426605,2
230426599,unknown
230429298,unknown
230425819,unknown
230429245,unknown
230429243,unknown
230425154,unknown
230427328,2
230428562,unknown
230429133,unknown
230428227,unknown
230428884,unknown
230427814,unknown
230428600,unknown
230425268,unknown
230426294,unknown
230427186,unknown
230428048,unknown
230428044,unknown
230425449,unknown
230425177,unknown
230425442,unknown
230426274,unknown
230426278,unknown
230425499,unknown
230428949,unknown
230428629,unknown
230426610,unknown
230428698,unknown
230426130,2
230429921,unknown
230429918,unknown
230426543,unknown
230425818,unknown
230428684,2
230429056,2
230427752,unknown
230428679,unknown
230426551,unknown
230426744,2
230426752,2
230426149,unknown
230426770,unknown
230427481,unknown
230426165,unknown
230427203,unknown
230425075,2
230425664,2
230427857,unknown
230425711,unknown
230425506,unknown
230428058,unknown
230426003,unknown
230426542,unknown
230428912,unknown
230427918,2
230427159,unknown
230429440,unknown
230426423,unknown
230426505,unknown
230427773,1
230427627,unknown
230425267,2
230429206,unknown
230429216,unknown
230426066,unknown
230425624,unknown
230429481,unknown
230426916,unknown
230427344,unknown
230427339,2
230427099,unknown
230427607,unknown
230428615,unknown
230426205,unknown
230426973,unknown
230425541,unknown
230425994,2
230428831,unknown
230429259,unknown
230427797,unknown
230425607,unknown
230428885,unknown
230427619,unknown
230428038,2
230425783,2
230428246,unknown
230425377,unknown
230427968,unknown
230428966,unknown
230425808,unknown
230428956,unknown
230429242,2
230425366,unknown
230427581,unknown
230427030,unknown
230427957,unknown
230426340,unknown
230425998,unknown
230428933,unknown
230425868,2
230427221,unknown
230429577,unknown
230428666,unknown
230428833,unknown
230425228,unknown
230425226,unknown
230428942,unknown
230426819,unknown
230427175,unknown
230425719,unknown
230426837,unknown
230428149,2
230428822,unknown
230428792,2
230425420,unknown
230425520,unknown
230429692,unknown
230425441,unknown
230425282,unknown
230427732,2
230427513,unknown
230426762,unknown
230429764,unknown
230428632,2
230426383,unknown
230427613,unknown
230426713,unknown
230426587,unknown
230426933,unknown
230427431,unknown
230428732,unknown
230427604,2
230427603,unknown
230429540,unknown
230429539,2
230429340,unknown
230425761,unknown
230428894,unknown
230429733,unknown
230429732,unknown
230427841,unknown
230426918,unknown
230427405,unknown
230427454,unknown
230426523,unknown
230429295,unknown
230425164,2
230425509,2
230429182,unknown
230426792,unknown
230427890,1
230428429,unknown
230425254,2
230429186,unknown
230426782,unknown
230426748,unknown
230428643,unknown
230425219,2
230426586,unknown
230427683,unknown
230429989,unknown
230426105,unknown
230429139,unknown
230428231,unknown
230426332,2
230428222,unknown
230425579,unknown
230426666,2
230425199,unknown
230425200,unknown
230427800,unknown
230426302,unknown
230426311,unknown
230429154,unknown
230425149,2
230427796,unknown
230425152,2
230427799,unknown
230428716,unknown
230426942,unknown
230428971,unknown
230427818,unknown
230427040,unknown
230429904,unknown
230429869,unknown
230427016,unknown
230426329,2
230425805,unknown
230425877,2
230425881,unknown
230427823,unknown
230426974,unknown
230429140,1
230429868,2
230425382,unknown
230427008,unknown
230429230,unknown
230425370,unknown
230429489,unknown
230428079,unknown
230429484,unknown
230429510,unknown
230428936,2
230426272,unknown
230426277,2
230429924,unknown
230425693,2
230427764,2
230427256,unknown
230425576,2
230425464,2
230427769,unknown
230429947,1
230427214,2
230427254,unknown
230426251,unknown
230428073,unknown
230426573,unknown
230425688,unknown
230429766,2
230425372,unknown
230426028,unknown
230429253,unknown
230425368,unknown
230429878,2
230428573,unknown
230427579,unknown
230427983,unknown
230428251,2
230429142,2
230427059,2
230429805,unknown
230425194,2
230428285,2
230427388,unknown
230426323,1
230426346,unknown
230427024,unknown
230429946,unknown
230427976,unknown
230428175,unknown
230429064,unknown
230429607,1
230429602,2
230428217,unknown
230429618,unknown
230425393,unknown
230426922,unknown
230428339,unknown
230427521,2
230425739,unknown
230425772,unknown
230426136,unknown
230425292,unknown
230426043,2
230425432,unknown
230428821,unknown
230429225,2
230425527,unknown
230425533,unknown
230427395,unknown
230426190,unknown
230426950,1
230428304,unknown
230426946,unknown
230426939,unknown
230426943,2
230426945,unknown
230425526,unknown
230425984,unknown
230429157,unknown
230425120,2
230428563,unknown
230426308,2
230428540,unknown
230429775,unknown
230425109,unknown
230427866,unknown
230425315,unknown
230425317,unknown
230429691,1
230425241,2
230428421,unknown
230426815,2
230427514,unknown
230429920,unknown
230427200,unknown
230426146,unknown
230429549,unknown
230425498,unknown
230429557,unknown
230427443,unknown
230426729,2
230426139,unknown
230425257,unknown
230429018,unknown
230429007,2
230425326,2
230428106,unknown
230428503,unknown
230427714,unknown
230427641,unknown
230425841,unknown
230425024,unknown
230428645,unknown
230429593,2
230426458,unknown
230428111,unknown
230425758,unknown
230426722,unknown
230427147,unknown
230425182,unknown
230426113,unknown
230426129,unknown
230426107,2
230426110,2
230425345,unknown
230427438,unknown
230428386,unknown
230428797,unknown
230425220,unknown
230425342,unknown
230426961,2
230428242,2
230427043,unknown
230428725,2
230428288,unknown
230428255,unknown
230429135,unknown
230425553,2
230429518,unknown
230427047,unknown
230426634,unknown
230426645,unknown
230427596,2
230427593,unknown
230427953,unknown
230428274,unknown
230429338,unknown
230427232,unknown
230428990,2
230425968,unknown
230425339,unknown
230429683,unknown
230429169,unknown
230428631,unknown
230425897,unknown
230427801,2
230427622,unknown
230426694,unknown
230428903,unknown
230428344,unknown
230428895,unknown
230427314,unknown
230426685,unknown
230426676,unknown
230428880,unknown
230425980,unknown
230429170,unknown
230425773,2
230426490,unknown
230428731,unknown
230426307,2
230425857,unknown
230428307,unknown
230426372,unknown
230426468,unknown
230427394,2
230429711,unknown
230429956,unknown
230426556,unknown
230429959,unknown
230429228,unknown
230425806,unknown
230425812,unknown
230428960,unknown
230429656,unknown
230426327,2
230429485,2
230429930,unknown
230427720,unknown
230429283,unknown
230428958,2
230427225,2
230425832,unknown
230425834,unknown
230426241,unknown
230426717,unknown
230427914,unknown
230428749,unknown
230425119,2
230427471,unknown
230426862,unknown
230425235,unknown
230429820,1
230428913,unknown
230428126,unknown
230428136,unknown
230429771,2
230427155,unknown
230426401,2
230426412,unknown
230426073,unknown
230425418,unknown
230426427,unknown
230426783,unknown
230429378,unknown
230425071,unknown
230429551,unknown
230428770,unknown
230425505,unknown
230428114,unknown
230427518,unknown
230426825,unknown
230426823,unknown
230429434,unknown
230429427,unknown
230426453,unknown
230427892,unknown
230428427,2
230425463,2
230428122,unknown
230427181,unknown
230428464,unknown
230426771,unknown
230428648,2
230428674,unknown
230427284,2
230425839,unknown
230429289,unknown
230426581,2
230429070,unknown
230427692,unknown
230426087,unknown
230427745,2
230429569,unknown
230425285,2
230427654,unknown
230426774,unknown
230429418,unknown
230428490,2
230425941,unknown
230427889,unknown
230425702,2
230426810,unknown
230426452,unknown
230426076,1
230426075,unknown
230429089,unknown
230426463,2
230429386,2
230425108,unknown
230429884,unknown
230425107,unknown
230426863,unknown
230425350,unknown
230427928,2
230428390,unknown
230426829,unknown
230428410,unknown
230427470,unknown
230428487,unknown
230428753,2
230425311,1
230428425,unknown
230426667,unknown
230428746,unknown
230426483,unknown
230425586,unknown
230428287,unknown
230425612,2
230427392,2
230427402,unknown
230428851,unknown
230428847,unknown
230425359,unknown
230428258,2
230427822,unknown
230428303,unknown
230427538,2
230425304,unknown
230427413,unknown
230428327,2
230425626,unknown
230428335,unknown
230429349,unknown
230429350,unknown
230425747,unknown
230426374,2
230425301,unknown
230428309,unknown
230426064,unknown
230429107,unknown
230428813,unknown
230429679,unknown
230428350,unknown
230425917,unknown
230427021,unknown
230427552,unknown
230426657,unknown
230426661,unknown
230427323,unknown
230428177,unknown
230425401,unknown
230427089,unknown
230428147,unknown
230425525,unknown
230427143,2
230428052,unknown
230428606,2
230426588,2
230427633,2
230426553,unknown
230426545,unknown
230428704,unknown
230428625,unknown
230429740,unknown
230425270,unknown
230429046,unknown
230429041,unknown
230426232,2
230425444,1
230427258,unknown
230427686,unknown
230427696,2
230428663,unknown
230427263,unknown
230426579,unknown
230428030,unknown
230429853,unknown
230429266,unknown
230429546,unknown
230428013,unknown
230426328,2
230428875,unknown
230427060,2
230425544,2
230425570,unknown
230425568,unknown
230425367,unknown
230429658,2
230425775,unknown
230425132,unknown
230425125,unknown
230428888,2
230427588,unknown
230427570,unknown
230425130,2
230427566,unknown
230425057,unknown
230426459,2
230427439,2
230427906,2
230428767,unknown
230428751,2
230429696,unknown
230425314,unknown
230428381,unknown
230429727,2
230429723,2
230427435,unknown
230427973,unknown
230425060,unknown
230426352,1
230427004,unknown
230429335,unknown
230428564,unknown
230425598,unknown
230425616,unknown
230429148,2
230429151,unknown
230429472,unknown
230425297,2
230428874,unknown
230426196,unknown
230429814,unknown
230429710,2
230426133,unknown
230427520,unknown
230429104,unknown
230426039,2
230426167,unknown
230426898,unknown
230428348,unknown
230425965,unknown
230425913,2
230429458,2
230428330,unknown
230428993,unknown
230425248,unknown
230425728,2
230426409,unknown
230429086,unknown
230426809,unknown
230429426,unknown
230425662,2
230427477,unknown
230426441,2
230426754,unknown
230425701,unknown
230426793,unknown
230426151,unknown
230426448,unknown
230425735,unknown
230427650,unknown
230426737,unknown
230429055,1
230428794,unknown
230426166,unknown
230429075,2
230427063,2
230425560,2
230427044,unknown
230427580,unknown
230428862,2
230429871,2
230427048,unknown
230425572,unknown
230429118,unknown
230427969,unknown
230427386,unknown
230427380,2
230425563,2
230427349,unknown
230427042,2
230425162,unknown
230425406,unknown
230426001,unknown
230429785,unknown
230427306,unknown
230428033,2
230428042,2
230427782,unknown
230427095,unknown
230429538,2
230427790,unknown
230429503,unknown
230429312,unknown
230428192,unknown
230427327,unknown
230428024,2
230427289,unknown
230425073,2
230425497,unknown
230425504,unknown
230428939,unknown
230426220,unknown
230429065,unknown
230428644,unknown
230428066,unknown
230429296,unknown
230428624,unknown
230429929,2
230427754,unknown
230425012,unknown
230427684,2
230425038,2
230427736,unknown
230427681,1
230428650,unknown
230426509,unknown
230428703,unknown
230428701,1
230428700,unknown
230427543,unknown
230425825,unknown
230429098,unknown
230426084,unknown
230427865,unknown
230427876,unknown
230425281,unknown
230429036,unknown
230425155,unknown
230426613,unknown
230426493,2
230428612,unknown
230427921,unknown
230425789,unknown
230425788,unknown
230427437,2
230429327,unknown
230425133,2
230426626,unknown
230426625,unknown
230429313,unknown
230429310,unknown
230425124,unknown
230429271,unknown
230427400,2
230426675,2
230428721,unknown
230429017,unknown
230425210,unknown
230429806,unknown
230426485,unknown
230426137,unknown
230427930,unknown
230428566,2
230429033,2
230425944,unknown
230429583,unknown
230428418,unknown
230429419,2
230425431,unknown
230426037,unknown
230427949,unknown
230425361,unknown
230426200,unknown
230425700,unknown
230428766,2
230425733,2
230429914,unknown
230427376,unknown
230428018,unknown
230426216,unknown
230428759,unknown
230426704,1
230428513,unknown
230429002,2
230426056,unknown
230425455,unknown
230427286,unknown
230426414,2
230426787,unknown
230426403,unknown
230426368,unknown
230428867,2
230429816,unknown
230428221,unknown
230428225,unknown
230429136,unknown
230429498,unknown
230427072,unknown
230428193,unknown
230427015,unknown
230427090,2
230426000,unknown
230425193,unknown
230425529,2
230429465,unknown
230427653,unknown
230427661,unknown
230429053,unknown
230428653,unknown
230426558,unknown
230426089,unknown
230427647,unknown
230426321,unknown
230427033,unknown
230425565,unknown
230429901,unknown
230428864,unknown
230427121,2
230425580,unknown
230427125,unknown
230427123,unknown
230426337,1
230425977,2
230427145,unknown
230427138,unknown
230425649,unknown
230429443,unknown
230426853,unknown
230425479,unknown
230428098,2
230428091,unknown
230425218,unknown
230425500,unknown
230425983,unknown
230429276,unknown
230425840,unknown
230428619,unknown
230425298,unknown
230426147,2
230426489,unknown
230426668,2
230427937,unknown
230427931,2
230427517,2
230427549,unknown
230425831,unknown
230429736,unknown
230426135,2
230428597,unknown
230427176,2
230427164,unknown
230426416,unknown
230426411,unknown
230428825,unknown
230428795,unknown
230429835,unknown
230428380,unknown
230429837,unknown
230429838,unknown
230428448,1
230428470,unknown
230427260,unknown
230427229,unknown
230427226,2
230426236,2
230426036,unknown
230429120,unknown
230426014,2
230425940,unknown
230425689,unknown
230426063,unknown
230425333,2
230425334,unknown
230427429,unknown
230429099,1
230429671,2
230426176,unknown
230428496,unknown
230428973,unknown
230425722,2
230426739,2
230429111,unknown
230429213,unknown
230427967,unknown
230426697,unknown
230429226,unknown
230429663,unknown
230428628,2
230429235,unknown
230427457,unknown
230425785,unknown
230427468,2
230427700,unknown
230425232,unknown
230428361,unknown
230426917,2
230426900,unknown
230426369,unknown
230428346,unknown
230426923,unknown
230428324,2
230428906,unknown
230428898,unknown
230426295,unknown
230426956,unknown
230429812,unknown
230428145,unknown
230429448,2
230425638,unknown
230426860,unknown
230425650,unknown
230429783,unknown
230429457,unknown
230428262,2
230428245,unknown
230429499,2
230427074,unknown
230428216,unknown
230428886,unknown
230429790,unknown
230428677,unknown
230425833,2
230425021,unknown
230428671,unknown
230426106,unknown
230427651,2
230429061,unknown
230427767,unknown
230427667,unknown
230427652,unknown
230426102,unknown
230426564,unknown
230427648,unknown
230427672,unknown
230425000,unknown
230425006,unknown
230425259,unknown
230429511,unknown
230429516,unknown
230427079,2
230427083,unknown
230425575,unknown
230429802,unknown
230427050,unknown
230426972,unknown
230426954,unknown
230425622,unknown
230428333,unknown
230428914,2
230425181,unknown
230425188,unknown
230428139,unknown
230428313,2
230428922,unknown
230428921,2
230428179,unknown
230426300,unknown
230425619,unknown
230429473,2
230426957,unknown
230426392,unknown
230426751,unknown
230426760,unknown
230427342,unknown
230427381,unknown
230428029,unknown
230427996,unknown
230425397,2
230429616,unknown
230428028,unknown
230429936,2
230429667,unknown
230425112,unknown
230426450,unknown
230429885,unknown
230428777,2
230428505,unknown
230425681,2
230425672,unknown
230426832,2
230425157,unknown
230425437,unknown
230425947,unknown
230425949,unknown
230425496,unknown
230427158,2
230429411,unknown
230425667,unknown
230428118,2
230429447,unknown
230425471,unknown
230428760,unknown
230428521,unknown
230429876,unknown
230425810,unknown
230425150,unknown
230428589,2
230426131,unknown
230427512,unknown
230426589,unknown
230426601,unknown
230425830,2
230429301,unknown
230427825,unknown
230426119,1
230429038,unknown
230427644,2
230427898,unknown
230427446,unknown
230428543,unknown
230425206,unknown
230429760,unknown
230426629,unknown
230425141,unknown
230428577,unknown
230427432,unknown
230428741,2
230427423,unknown
230426544,unknown
230426548,2
230429979,unknown
230425042,unknown
230429967,2
230428647,unknown
230427872,unknown
230428519,unknown
230427419,unknown
230427934,unknown
230426482,unknown
230429352,unknown
230425971,2
230429559,2
230428144,unknown
230426941,unknown
230429164,unknown
230428357,2
230428158,unknown
230428166,1
230429772,unknown
230427093,2
230428310,2
230427716,unknown
230427751,unknown
230425261,unknown
230425013,unknown
230426100,unknown
230426103,unknown
230427645,1
230429911,unknown
230429508,unknown
230428901,unknown
230429813,2
230426965,unknown
230426285,unknown
230425534,unknown
230428869,2
230426560,2
230426718,unknown
230426727,2
230425061,unknown
230426175,unknown
230426192,unknown
230426187,unknown
230426451,unknown
230426209,unknown
230428755,2
230429127,2
230426769,unknown
230428446,2
230425379,unknown
230425392,2
230429395,unknown
230428488,unknown
230428382,unknown
230426426,2
230427192,unknown
230429547,unknown
230425081,unknown
230426268,2
230429566,unknown
230425467,unknown
230426388,unknown
230429445,unknown
230429425,2
230426223,unknown
230425445,unknown
230426446,unknown
230428435,unknown
230429179,2
230425642,unknown
230428856,2
230427056,unknown
230428215,unknown
230428201,unknown
230428877,unknown
230425999,unknown
230425873,unknown
230426690,unknown
230426711,2
230425258,2
230427436,2
230426479,unknown
230428570,2
230427888,unknown
230426474,2
230427502,unknown
230429084,unknown
230427836,unknown
230426078,unknown
230425127,2
230428601,2
230429321,unknown
230425804,unknown
230426117,unknown
230426118,unknown
230429203,unknown
230426716,unknown
230428531,unknown
230426052,unknown
230427933,unknown
230429759,unknown
230425299,unknown
230427793,unknown
230427810,unknown
230427806,unknown
230427775,2
230427499,unknown
230427695,unknown
230428640,2
230429951,unknown
230427709,unknown
230427706,unknown
230427785,2
230427786,unknown
230425284,unknown
230427076,unknown
230428191,unknown
230428165,unknown
230427041,unknown
230429519,unknown
230425554,unknown
230429505,unknown
230427017,2
230425091,unknown
230427110,unknown
230428117,unknown
230428105,2
230426975,unknown
230426991,2
230427525,2
230428978,unknown
230429460,unknown
230426924,unknown
230426929,2
230426947,unknown
230425587,2
230425600,unknown
230428289,unknown
230427208,unknown
230427215,unknown
230427222,2
230427235,unknown
230428400,unknown
230428403,unknown
230426831,unknown
230428391,1
230428394,unknown
230429441,unknown
230426210,unknown
230428962,2
230426231,2
230426263,unknown
230428925,unknown
230429373,unknown
230429380,2
230428466,unknown
230426767,unknown
230429407,unknown
230425680,unknown
230428441,2
230426781,unknown
230425186,unknown
230429134,2
230428845,unknown
230425707,unknown
230425734,unknown
230426731,unknown
230429372,unknown
230428510,unknown
230428515,unknown
230428520,unknown
230425113,2
230429887,2
230429609,unknown
230428035,2
230426647,unknown
230425774,unknown
230425202,unknown
230426678,unknown
230425313,unknown
230429695,2
230429633,unknown
230428576,unknown
230428580,unknown
230428604,unknown
230428638,unknown
230429643,2
230429648,2
230429674,1
230425360,unknown
230429263,2
230426519,2
230425976,unknown
230429167,2
230426410,unknown
230427902,2
230428722,2
230427420,unknown
230427445,unknown
230429217,unknown
230429223,unknown
230425961,unknown
230425893,unknown
230425256,2
230429755,unknown
230428782,unknown
230429189,unknown
230429048,unknown
230429050,unknown
230426083,unknown
230427828,unknown
230427589,unknown
230427697,2
230429999,unknown
230429040,unknown
230429034,unknown
230426125,unknown
230425031,unknown
230426419,unknown
230427891,unknown
230427051,unknown
230428203,unknown
230427067,unknown
230428176,unknown
230429756,unknown
230428108,2
230427418,unknown
230427151,unknown
230427701,unknown
230429482,unknown
230425621,unknown
230428730,1
230425147,unknown
230429860,unknown
230425887,unknown
230426408,2
230427908,unknown
230427169,unknown
230429796,unknown
230427548,unknown
230427544,unknown
230426992,unknown
230429731,unknown
230425065,unknown
230427430,2
230426480,unknown
230429194,unknown
230426962,unknown
230429925,unknown
230425845,2
230425169,2
230429131,unknown
230428904,2
230428482,unknown
230427484,unknown
230429292,unknown
230428508,2
230429401,2
230426736,unknown
230427369,unknown
230425448,unknown
230428047,unknown
230429431,unknown
230425643,unknown
230428695,unknown
230426547,unknown
230429932,1
230426746,2
230425376,unknown
230427356,unknown
230428087,unknown
230428368,unknown
230428059,unknown
230428702,2
230428699,unknown
230428840,unknown
230425975,unknown
230427555,unknown
230426202,unknown
230429316,unknown
230429320,unknown
230429873,unknown
230429875,unknown
230426576,unknown
230426580,2
230425111,2
230429889,2
230428012,unknown
230425427,unknown
230427326,unknown
230425388,unknown
230425399,unknown
230427347,unknown
230425269,unknown
230429953,2
230426361,2
230425195,unknown
230426660,unknown
230426687,2
230426097,2
230427703,unknown
230427348,unknown
230427879,unknown
230426464,unknown
230425909,unknown
230426478,unknown
230426467,unknown
230428116,unknown
230427120,unknown
230429815,unknown
230427540,2
230428986,unknown
230425629,unknown
230429923,unknown
230429251,unknown
230427291,unknown
230429666,2
230429116,unknown
230428693,unknown
230429573,unknown
230426395,unknown
230425862,2
230425861,unknown
230429943,2
230426254,unknown
230427845,unknown
230429800,2
230428224,unknown
230426183,1
230428214,2
230426193,unknown
230425528,unknown
230429088,unknown
230427161,unknown
230427154,unknown
230425936,unknown
230429209,1
230427184,2
230426439,unknown
230427115,unknown
230428182,unknown
230429545,unknown
230425536,unknown
230426733,2
230426742,2
230428607,unknown
230429300,unknown
230426559,unknown
230429317,2
230428622,unknown
230428070,2
230429286,1
230428664,unknown
230428067,unknown
230429285,unknown
230426334,2
230427893,unknown
230429827,unknown
230426749,unknown
230425160,unknown
230426244,2
230427297,unknown
230428501,unknown
230425395,2
230428004,unknown
230426627,2
230428837,unknown
230426644,unknown
230429811,unknown
230429147,unknown
230427301,unknown
230425003,unknown
230425430,unknown
230427864,unknown
230428509,unknown
230429983,unknown
230427741,2
230429015,unknown
230426041,unknown
230427760,unknown
230429754,unknown
230427615,unknown
230426169,unknown
230429769,unknown
230429988,unknown
230425036,unknown
230425019,unknown
230425027,unknown
230428991,unknown
230427817,2
230429081,unknown
230429080,unknown
230427733,2
230429331,1
230429308,unknown
230427503,unknown
230425196,unknown
230425435,unknown
230428037,2
230425434,unknown
230426373,unknown
230425816,2
230425101,unknown
230427296,unknown
230428532,2
230425691,2
230427873,2
230427340,unknown
230428630,unknown
230426376,unknown
230429175,unknown
230427861,unknown
230426563,unknown
230425126,unknown
230428461,2
230426596,unknown
230426594,unknown
230426494,unknown
230426577,unknown
230426554,unknown
230429261,unknown
230425174,unknown
230426245,unknown
230426021,unknown
230426870,unknown
230426847,unknown
230425636,unknown
230429249,unknown
230426896,unknown
230426885,unknown
230428089,unknown
230428063,unknown
230425175,2
230425666,2
230428420,unknown
230429281,unknown
230427354,unknown
230428046,unknown
230427288,2
230429579,unknown
230427259,unknown
230428636,unknown
230426963,unknown
230428981,unknown
230427163,2
230426487,unknown
230427452,unknown
230428298,unknown
230425973,unknown
230428270,unknown
230427009,unknown
230429192,unknown
230426486,unknown
230428265,unknown
230425070,unknown
230429916,unknown
230427036,unknown
230427128,unknown
230427460,2
230427476,2
230427133,unknown
230425224,unknown
230427466,unknown
230427393,unknown
230425952,2
230429676,unknown
230425353,unknown
230429252,unknown
230428739,2
230425054,unknown
230427068,2
230426049,unknown
230426069,unknown
230428791,unknown
230427883,unknown
230429093,unknown
230429047,1
230429020,unknown
230428790,unknown
230425537,2
230428174,2
230428737,unknown
230427840,unknown
230426195,unknown
230428269,unknown
230428485,2
230425692,1
230426734,unknown
230426743,2
230425694,unknown
230428010,unknown
230428007,2
230425756,unknown
230428492,2
230426721,unknown
230429883,2
230427298,unknown
230429714,unknown
230429718,unknown
230429161,unknown
230429367,2
230427601,unknown
230429358,unknown
230425981,unknown
230426641,2
230425407,unknown
230428529,2
230427496,unknown
230429068,unknown
230426096,unknown
230429069,unknown
230427729,unknown
230426152,unknown
230429438,2
230428373,unknown
230425674,2
230429404,unknown
230425620,unknown
230428065,unknown
230427238,unknown
230426920,unknown
230428682,unknown
230427355,2
230427964,unknown
230427972,unknown
230426020,unknown
230425654,unknown
230429849,unknown
230425158,unknown
230429379,2
230428896,unknown
230428893,unknown
230426281,unknown
230429390,unknown
230428432,unknown
230428458,2
230426773,unknown
230428609,1
230426555,unknown
230428626,unknown
230426575,unknown
230427982,unknown
230428688,1
230425440,unknown
230425660,unknown
230426608,2
230425170,unknown
230428552,unknown
230428541,unknown
230425799,1
230428537,unknown
230426712,2
230429333,2
230429066,unknown
230426162,2
230427682,2
230429729,unknown
230425335,unknown
230427551,2
230425468,2
230427167,unknown
230425512,unknown
230425084,unknown
230425090,1
230427523,2
230428715,2
230429866,2
230428726,unknown
230427001,2
230428733,unknown
230425962,unknown
230428817,unknown
230428812,unknown
230426520,unknown
230426390,unknown
230426400,unknown
230429250,unknown
230425557,unknown
230427054,unknown
230429909,unknown
230426432,unknown
230425928,unknown
230429198,unknown
230425901,2
230427940,2
230428772,unknown
230428238,2
230427433,unknown
230426466,2
230425094,unknown
230427075,unknown
230427005,unknown
230428211,unknown
230429758,unknown
230427096,unknown
230429532,unknown
230426429,2
230427678,unknown
230425938,unknown
230427743,unknown
230429767,unknown
230427753,unknown
230425542,2
230428200,1
230428229,unknown
230427003,unknown
230429905,unknown
230428155,unknown
230429787,unknown
230428235,unknown
230429793,unknown
230429795,2
230428328,2
230426959,2
230428124,2
230427198,2
230428401,1
230426889,unknown
230425488,unknown
230427227,unknown
230428366,2
230425640,unknown
230426874,unknown
230426881,1
230428345,unknown
230426914,2
230426932,unknown
230429414,unknown
230426764,unknown
230427269,unknown
230427265,unknown
230426824,unknown
230428498,unknown
230425411,2
230428036,2
230425797,unknown
230426617,unknown
230426642,unknown
230427318,2
230426630,unknown
230426590,2
230425365,unknown
230425380,unknown
230428692,unknown
230427960,2
230429867,unknown
230429872,unknown
230428014,unknown
230428412,unknown
230428438,unknown
230429412,unknown
230425746,unknown
230428549,unknown
230428524,unknown
230428528,unknown
230427295,2
230427434,unknown
230427425,unknown
230425896,2
230429218,unknown
230429232,2
230428736,unknown
230429240,unknown
230425357,unknown
230426219,unknown
230426215,unknown
230429730,unknown
230427819,2
230427837,1
230427637,unknown
230426182,unknown
230427835,2
230427584,2
230429096,unknown
230428945,unknown
230426306,unknown
230428881,2
230426333,2
230427897,unknown
230425308,unknown
230428783,unknown
230425331,unknown
230426396,unknown
230426381,2
230428830,unknown
230426437,unknown
230425935,unknown
230427938,unknown
230427586,unknown
230429514,2
230429900,unknown
230429495,unknown
230427130,unknown
230429392,unknown
230428439,unknown
230429906,unknown
230426839,unknown
230426851,2
230428378,unknown
230429928,2
230429453,unknown
230426915,unknown
230425485,unknown
230427191,unknown
230425609,unknown
230428290,2
230427180,unknown
230429471,2
230428323,unknown
230428312,unknown
230425632,unknown
230429459,unknown
230427178,2
230427160,2
230428197,unknown
230427077,unknown
230427098,2
230427768,unknown
230426114,unknown
230427122,2
230426981,unknown
230428268,2
230425086,unknown
230428143,unknown
230429531,unknown
230425035,unknown
230429952,2
230429962,unknown
230425865,unknown
230427390,2
230428713,unknown
230426499,unknown
230426522,unknown
230427980,unknown
230427993,2
230427989,2
230428665,unknown
230428656,2
230425383,unknown
230427357,unknown
230427321,unknown
230426597,unknown
230425822,unknown
230429297,unknown
230428556,unknown
230428568,2
230429615,unknown
230429422,unknown
230426806,2
230426817,unknown
230425443,2
230425462,unknown
230427303,unknown
230425706,2
230425695,unknown
230425751,unknown
230426670,2
230428553,unknown
230425762,unknown
230426653,unknown
230428434,unknown
230426454,unknown
230428748,unknown
230426460,2
230429205,unknown
230428773,unknown
230425933,unknown
230425937,2
230425344,unknown
230429680,unknown
230425056,unknown
230428809,unknown
230428808,unknown
230429763,unknown
230429765,unknown
230427482,unknown
230426357,unknown
230429152,unknown
230428829,2
230425964,unknown
230425969,unknown
230425919,2
230429215,unknown
230429212,unknown
230427923,unknown
230425905,unknown
230425907,unknown
230425052,2
230425134,unknown
230429937,2
230429945,unknown
230429670,unknown
230426226,unknown
230429850,unknown
230428911,unknown
230426290,unknown
230426320,2
230428850,unknown
230429132,unknown
230426325,2
230427877,unknown
230427874,2
230425966,unknown
230427546,2
230426180,2
230429125,2
230426032,unknown
230426191,unknown
230429011,unknown
230426159,unknown
230429110,unknown
230429744,2
230427829,unknown
230426150,unknown
230429024,unknown
230429094,unknown
230426127,unknown
230429042,2
230429964,unknown
230425274,1
230429770,unknown
230427712,unknown
230425302,unknown
230429735,unknown
230425287,unknown
230425278,unknown
230429707,unknown
230429608,unknown
230429568,unknown
230425465,unknown
230425347,unknown
230425327,unknown
230429693,unknown
230425320,unknown
230425396,unknown
230429467,2
230425571,2
230429470,2
230429410,unknown
230425743,unknown
230429408,unknown
230425653,unknown
230425592,2
230425239,unknown
230429780,unknown
230429494,unknown
230429530,unknown
230425494,unknown
230425778,unknown
230429324,unknown
230426341,2
230428717,2
230428814,unknown
230429037,unknown
230429840,unknown
230426197,unknown
230429000,unknown
230429043,2
230425989,unknown
230425821,unknown
230425863,2
230426350,unknown
230428789,unknown
230428642,unknown
230428675,unknown
230426537,unknown
230425910,unknown
230429267,unknown
230429255,unknown
230426775,unknown
230426901,unknown
230428294,unknown
230428407,2
230428281,unknown
230428416,unknown
230428539,unknown
230426705,2
230428491,unknown
230426730,unknown
230426700,1
230425121,2
230426615,unknown
230427971,unknown
230427399,2
230427770,unknown
230428199,unknown
230428138,unknown
230428133,unknown
230425076,unknown
230427064,2
230427292,unknown
230427317,unknown
230427275,unknown
230427285,unknown
230428084,2
230427217,unknown
230427206,unknown
230427988,unknown
230428223,unknown
230429907,1
230428364,unknown
230427903,unknown
230427693,unknown
230429961,unknown
230427705,unknown
230429717,unknown
230429220,2
230429211,unknown
230425898,unknown
230425209,2
230425763,unknown
230429803,unknown
230425972,unknown
230425916,unknown
230425203,unknown
230429351,2
230429344,unknown
230425708,unknown
230425686,unknown
230429479,unknown
230425597,2
230429435,unknown
230425590,unknown
230429543,2
230425569,unknown
230429500,unknown
230425574,unknown
230425211,unknown
230425213,unknown
230425582,unknown
230425518,unknown
230429558,unknown
230429528,2
230429651,2
230425486,1
230429594,2
230425364,2
230429649,unknown
230425275,unknown
230425029,2
230429965,unknown
230425426,unknown
230429761,unknown
230425351,unknown
230425295,unknown
230429721,unknown
230426606,unknown
230428614,2
230426592,unknown
230426566,unknown
230428670,unknown
230428681,unknown
230428710,unknown
230428669,2
230429879,2
230425151,unknown
230426498,unknown
230426495,unknown
230428723,unknown
230428855,unknown
230426449,2
230428734,2
230426252,unknown
230426259,2
230429843,2
230428820,unknown
230426264,1
230426269,unknown
230426280,unknown
230426293,unknown
230429091,unknown
230426067,unknown
230426030,unknown
230426012,unknown
230428998,unknown
230426203,2
230428964,2
230428967,unknown
230425204,unknown
230425803,unknown
230425770,unknown
230428355,2
230426964,unknown
230428499,unknown
230426766,2
230428406,unknown
230428494,unknown
230428555,unknown
230426864,2
230428497,unknown
230428486,unknown
230426659,unknown
230428514,unknown
230427027,2
230428100,unknown
230427193,unknown
230428120,1
230427148,unknown
230428169,unknown
230428148,unknown
230427126,2
230427127,unknown
230427039,unknown
230427257,unknown
230426648,unknown
230428572,unknown
230426621,1
230428507,unknown
230426655,unknown
230429874,unknown
230427373,unknown
230427346,unknown
230428005,unknown
230427331,unknown
230428020,2
230427255,2
230427959,unknown
230427391,1
230427449,unknown
230427421,1
230427820,unknown
230427547,unknown
230427826,unknown
230427781,unknown
230427978,unknown
230427975,2
230429978,2
230429975,unknown
230427687,unknown
230427724,unknown
230429981,unknown
